Model,MAE,RMSE,R2 Score
Linear Regression,3.987364085436523,5.027301614409776,0.9155656411478306
Decision Tree,5.8768125,7.602817939751023,0.8068927815232441
Random Forest,4.3320471666666664,5.513902857044287,0.8984295099755479
Gradient Boosting,4.070396704379798,5.1509571309406805,0.9113609286124934
